id,name,blood_status,hair_color,eye_color,patronus,wand,occupation,loyalty,house
0,Seamus Finnigan,Half-blood,Sandy,None,Fox,"Unknown length, wood and core",None,"[""Dumbledore's Army"", 'Hogwarts School of Witchcraft and WizardryGryffindor', 'Gryffindor', 'Finnigan family', 'Irish National Quidditch team', 'Kenmare Kestrels']",Gryffindors
1,Hermione Jean Granger,Muggle-born,Brown,Brown,Otter,"['10¾"", vine wood, dragon heartstring', '12¾"", walnut, dragon heartstring (temporarily)']","['Department for the Regulation and Control of Magical Creatures employee (formerly)', 'Deputy Head of the Department of Magical Law Enforcement (formerly)', 'Minister for Magic']","['Granger family', 'Weasley family', 'Potter family', ""Hogwarts School of Witchcraft and WizardryGryffindorTrioDumbledore's ArmySlug Club"", 'GryffindorTrio', 'Trio', ""Dumbledore's Army"", 'Slug Club', 'S.P.E.W.', 'Order of the Phoenix', 'British Ministry of MagicDepartment for the Regulation and Control of Magical CreaturesDepartment of Magical Law Enforcement', 'Department for the Regulation and Control of Magical Creatures', 'Department of Magical Law Enforcement']",Gryffindors
2,Patricia Rakepick,None,Red,Blue,Lioness,"Unknown length, wood and core","['Head Curse-Breaker at Gringotts Wizarding Bank (? -1988)', 'Professor of Defence Against the Dark Arts at Hogwarts School of Witchcraft and Wizardry (1988-1989)']","['Hogwarts School of Witchcraft and Wizardry (formerly)Gryffindor', 'Gryffindor', 'Gringotts Wizarding Bank (formerly)', 'The Cabal']",Gryffindors
3,Demelza Robins,None,None,None,None,None,None,"['Hogwarts School of Witchcraft and WizardryGryffindorGryffindor Quidditch team', 'Gryffindor', 'Gryffindor Quidditch team']",Gryffindors
4,Lily Luna Potter,Half-blood,Red,None,None,None,None,"['Potter family', 'Weasley family', 'Prewett family', 'Hogwarts School of Witchcraft and WizardryGryffindor', 'Gryffindor']",Gryffindors
5,Lily J. Potter (née Evans),Muggle-born,Auburn,Bright green,Doe,"10¼"", Willow, unknown core",None,"['Evans family', 'Potter family', 'Hogwarts School of Witchcraft and WizardryGryffindorSlug Club', 'Gryffindor', 'Slug Club', 'Order of the Phoenix']",Gryffindors
6,James Sirius Potter,Half-blood,None,None,None,None,None,"['Potter family', 'Weasley family', 'Hogwarts School of Witchcraft and WizardryGryffindor', 'Gryffindor']",Gryffindors
7,Fleamont Potter,Pure-blood,None,None,None,None,Potioneer,"['Potter family', 'Peverell family', 'Fleamont family', 'Hogwarts School of Witchcraft and WizardryGryffindor', 'Gryffindor']",Gryffindors
8,James Potter I,Pure-blood,Jet-black,Hazel,Stag,"11"", Mahogany, unknown core",None,"['Potter family', 'Evans family', 'Hogwarts School of Witchcraft and WizardryMaraudersGryffindorGryffindor Quidditch team', 'Marauders', 'Gryffindor', 'Gryffindor Quidditch team', 'Order of the Phoenix']",Gryffindors
9,Harry James Potter,Half-blood,Jet-black,Emerald green,Stag,"['11"", Holly, phoenix feather', '10¾"", Vine, dragon heartstring (temporarily)', '10"", Blackthorn, unknown core (temporarily)', '10"", Hawthorn, unicorn hair (temporarily)', '15"", Elder, thestral hair (temporarily)']","['Head of Auror Office (formerly)', 'Guest lecturer on Defence Against the Dark Arts', 'Head of the Department of Magical Law Enforcement']","['Potter family', 'Weasley family', 'Albus Dumbledore', ""Dumbledore's Army"", 'Order of the Phoenix', 'Hogwarts School of Witchcraft and WizardryGryffindorGryffindor Quidditch teamSlug ClubPotions Club', 'Gryffindor', 'Gryffindor Quidditch team', 'Slug Club', 'Potions Club', 'British Ministry of MagicAuror OfficeDepartment of Magical Law Enforcement', 'Auror Office', 'Department of Magical Law Enforcement', 'S.P.E.W.']",Gryffindors
10,Oliver Wood,Pure-blood or Half-blood,None,None,None,"Unknown length, wood and core",Reserve Keeper for Puddlemere United,"['Hogwarts School of Witchcraft and WizardryGryffindorGryffindor Quidditch team', 'Gryffindor', 'Gryffindor Quidditch team', 'Puddlemere United', 'Order of the Phoenix (during the Battle of Hogwarts)', ""Dumbledore's Army (during the Battle of Hogwarts""]",Gryffindors
11,Nigel Wolpert,Pure-blood or Half-blood,Strawberry blond,Blue,None,"Unknown length, wood and core",None,"['Wolpert family', 'Harry Potter', 'Albus Dumbledore', 'Hogwarts School of Witchcraft and WizardryGryffindor', 'Gryffindor', ""Dumbledore's Army""]",Gryffindors
12,William Arthur Weasley,Pure-blood,"Red, long",None,Non-corporeal,"Unknown length, wood and core",Curse-Breaker for Gringotts Bank,"['Weasley family', 'Prewett family', 'Hogwarts School of Witchcraft and WizardryGryffindor', 'Gryffindor', 'Order of the Phoenix', 'Gringotts Wizarding Bank', 'Delacour family', 'Circle of Khanna']",Gryffindors
13,Ronald Bilius Weasley,Pure-blood,Red,Blue,Jack Russell terrier,"['12"", Ash, unicorn tail hair', '14"", Willow, unicorn tail hair', '9¼"", Chestnut, Dragon heartstring']","['Auror (formerly)', ""Weasleys' Wizard Wheezes co-manager""]","['Weasley family', 'Granger family', 'Prewett family', 'Potter family', ""Dumbledore's Army"", 'Order of the Phoenix', 'British Ministry of MagicAuror Department', 'Auror Department', 'Hogwarts School of Witchcraft and WizardryGryffindorGryffindor Quidditch team', 'Gryffindor', 'Gryffindor Quidditch team', 'S.P.E.W.', ""Weasleys' Wizard Wheezes"", 'Chudley Cannons']",Gryffindors
14,Percy Ignatius Weasley,Pure-blood,"Red, greying and balding (as of 2014)",None,Non-corporeal,"Unknown length, wood and core","['Personal assistant to Barty Crouch Snr (formerly)', 'Court Scribe (formerly)', 'Junior Assistant to the Minister for Magic (formerly)', 'Head of the Department of Magical Transportation']","['Weasley family', 'Prewett family', 'Hogwarts School of Witchcraft and WizardryGryffindor', 'Gryffindor', 'British Ministry of MagicDepartment of International Magical Cooperation  (formerly)Department of Magical Transportation', 'Department of International Magical Cooperation  (formerly)', 'Department of Magical Transportation']",Gryffindors
15,Molly Weasley (née Prewett),Pure-blood,Red,Hazel,Non-corporeal,"Unknown length, wood and core",None,"['Weasley family', 'Prewett family', 'Potter family', 'Order of the Phoenix', 'Hogwarts School of Witchcraft and WizardryGryffindor', 'Gryffindor']",Gryffindors
16,Ruth Winikus,None,None,None,None,None,None,None,Gryffindors
17,George Weasley,Pure-blood,Red,None,Magpie,"Unknown length, wood and core",Co-Owner of Weasleys' Wizard Wheezes,"['Circle of Khanna', ""Dumbledore's Army"", 'Order of the Phoenix', 'Hogwarts School of Witchcraft and WizardryGryffindorGryffindor Quidditch team', 'Gryffindor', 'Gryffindor Quidditch team', 'Weasley family', 'Prewett family', ""Weasleys' Wizard Wheezes""]",Gryffindors
18,Fred Weasley I,Pure-blood,Red,None,Magpie,"Unknown length, wood and core",Co-owner of Weasleys' Wizard Wheezes,"['Circle of Khanna', ""Dumbledore's Army"", 'Order of the Phoenix', 'Hogwarts School of Witchcraft and WizardryGryffindorGryffindor Quidditch team', 'Gryffindor', 'Gryffindor Quidditch team', ""Weasleys' Wizard Wheezes"", 'Potterwatch', 'Weasley family', 'Prewett family']",Gryffindors
19,Ginevra Molly Potter (née Weasley),Pure-blood,Red,Bright brown,Horse,"Unknown length, Yew, unknown core","['Chaser for the Holyhead Harpies (formerly)', 'Senior Quidditch Correspondent for the Daily Prophet (formerly)', 'Sports editor for the Daily Prophet']","['Weasley family', 'Potter family', 'Prewett family', 'Hogwarts School of Witchcraft and WizardryGryffindorGryffindor Quidditch teamSlug Club', 'Gryffindor', 'Gryffindor Quidditch team', 'Slug Club', ""Dumbledore's Army"", 'Order of the Phoenix', 'Holyhead Harpies', 'Daily Prophet']",Gryffindors
20,Charles Weasley,Pure-blood,Red,None,Non-corporeal,"['12"", Ash, unicorn tail hair (formerly)', 'Unknown 2nd wand']",Dragonologist,"['Weasley family', 'Prewett family', 'Hogwarts School of Witchcraft and WizardryGryffindorGryffindor Quidditch team', 'Gryffindor', 'Gryffindor Quidditch team', 'Circle of Khanna', 'Romanian Dragon Sanctuary', 'Order of the Phoenix']",Gryffindors
21,Romilda Vane,Pure-blood or Half-blood (possibly),Black,Dark,None,None,None,"['Vane family', 'Hogwarts School of Witchcraft and WizardryGryffindor', 'Gryffindor', ""Dumbledore's Army""]",Gryffindors
22,Celestina Warbeck,Half-blood,Dark,None,None,"10½"", Larch, phoenix feather",Singer,"['Hogwarts School of Witchcraft and WizardryGryffindor', 'Gryffindor', 'Wizarding Wireless NetworkWitching Hour', 'Witching Hour', 'Puddlemere United']",Gryffindors
23,Emma Vanity,None,None,None,None,None,None,None,Gryffindors
24,Arthur Weasley,Pure-blood,Red,Green,Weasel,"Unknown length, wood and core","['Head of the Misuse of Muggle Artefacts Office', 'Head of the Office for the Detection and Confiscation of Counterfeit Defensive Spells and Protective Objects']","['Weasley family', 'Prewett family', 'Potter family', 'Order of the Phoenix', 'British Ministry of MagicDepartment of Magical Law EnforcementMisuse of Muggle Artefacts OfficeOffice for the Detection and Confiscation of Counterfeit Defensive Spells and Protective Objects', 'Department of Magical Law EnforcementMisuse of Muggle Artefacts OfficeOffice for the Detection and Confiscation of Counterfeit Defensive Spells and Protective Objects', 'Misuse of Muggle Artefacts Office', 'Office for the Detection and Confiscation of Counterfeit Defensive Spells and Protective Objects', 'Hogwarts School of Witchcraft and WizardryGryffindor', 'Gryffindor']",Gryffindors
25,Dean Thomas,Half-blood,Black,None,Non-corporeal,"['Unknown 1st wand', 'Unknown 2nd wand']",None,"['Thomas family', 'Hogwarts School of Witchcraft and WizardryGryffindorGryffindor Quidditch team', 'Gryffindor', 'Gryffindor Quidditch team', ""Dumbledore's Army""]",Gryffindors
26,Hardik Tandel,None,None,None,None,None,None,"['Tandel family', 'Hogwarts School of Witchcraft and WizardryGryffindor', 'Gryffindor']",Gryffindors
27,Rahul Tandel,None,None,None,None,None,None,"['Tandel family', 'Hogwarts School of Witchcraft and WizardryGryffindor', 'Gryffindor']",Gryffindors
28,Sujita Tande,None,None,None,None,None,None,None,Gryffindors
29,Tobias Stump,None,None,None,None,None,Head of Gryffindor House (?-pre 1991),None,Gryffindors
30,Alicia Spinnet,Pure-blood or Half-blood (possibly),None,None,None,None,None,"['Hogwarts School of Witchcraft and WizardryGryffindorGryffindor Quidditch team', 'Gryffindor', 'Gryffindor Quidditch team', ""Dumbledore's Army""]",Gryffindors
31,Andrew Snowy Owl,None,None,None,None,None,None,Snowy Owl family,Gryffindors
32,Peter Pettigrew,Half-blood or Pure-blood,"['Colourless and balding', 'Mousy brown (formerly)']",None,None,"['Unknown 1st wand', '13½"", Yew, phoenix feather (temporarily)', '9¼"", Chestnut, dragon heartstring']",None,"['Pettigrew family', 'Weasley family (as Scabbers) (formerly)', 'Hogwarts School of Witchcraft and Wizardry (formerly)GryffindorMarauders', 'GryffindorMarauders', 'Marauders', 'Order of the Phoenix (formerly, defected)', 'Lord Voldemort (formerly)Death Eaters (formerly, defected)', 'Death Eaters (formerly, defected)', 'The Cabal (formerly)']",Gryffindors
33,Jimmy Peakes,Pure-blood or Half-blood,None,None,None,None,None,"['Peakes family', 'Hogwarts School of Witchcraft and WizardryGryffindorGryffindor Quidditch team', 'Gryffindor', 'Gryffindor Quidditch team']",Gryffindors
34,Parvati Patil,Half-blood or Pure-blood,Dark,Dark,Non-corporeal,"Unknown length, wood and core",None,"['Patil family', ""Dumbledore's Army"", 'Hogwarts School of Witchcraft and WizardryGryffindor', 'Gryffindor']",Gryffindors
35,Ismelda Murk's sister,None,None,None,None,None,Employee of the British Ministry of Magic,"['Hogwarts School of Witchcraft and WizardryGryffindor', 'Gryffindor', 'British Ministry of Magic']",Gryffindors
36,Phelan Noel,None,None,None,None,None,None,Noel family,Gryffindors
37,Amber Noel,None,None,None,None,None,None,Noel family,Gryffindors
38,Miraphora Mina,None,None,None,None,None,None,"['Hogwarts School of Witchcraft and WizardryGryffindor', 'Gryffindor']",Gryffindors
39,Ruth Mina,None,None,None,None,None,None,"['Hogwarts School of Witchcraft and WizardryGryffindor', 'Gryffindor', 'Mina family']",Gryffindors
40,Eloise Midgen,None,None,None,None,None,None,"['Hogwarts School of Witchcraft and Wizardry', 'Gryffindor', 'Midgen family']",Gryffindors
41,Michael,None,Blond,Brown,None,None,None,"[""Hogwarts School of Witchcraft and WizardryGryffindorDumbledore's Army (possibly)"", 'Gryffindor', ""Dumbledore's Army (possibly)""]",Gryffindors
42,Cormac McLaggen,Pure-blood or Half-blood,None,None,None,None,None,"['McLaggen family', 'Hogwarts School of Witchcraft and WizardryGryffindorGryffindor Quidditch teamSlug Club', 'Gryffindor', 'Gryffindor Quidditch team', 'Slug Club', ""Dumbledore's Army""]",Gryffindors
43,M. G. McGonagall,None,None,None,None,None,None,"['Gryffindor Quidditch team', 'Gryffindor', 'Hogwarts School of Witchcraft and Wizardry', 'McGonagall family']",Gryffindors
44,Minerva McGonagall,Half-blood,Black,None,Cat,"9½"", Fir, dragon heartstring","['Department of Magical Law Enforcement employee', 'Professor of Transfiguration at Hogwarts School of Witchcraft and Wizardry', 'Head of the Transfiguration department at Hogwarts School of Witchcraft and Wizardry (?–1998)', 'Head of Gryffindor House (pre 1975–1998)', 'Deputy Headmistress of Hogwarts School of Witchcraft and Wizardry (?–1998)', 'Headmistress of Hogwarts School of Witchcraft and Wizardry(1998–2020 (or later))']","['McGonagall family', 'Urquart family', 'Hogwarts School of Witchcraft and WizardryGryffindorGryffindor Quidditch teamTransfiguration department', 'Gryffindor', 'Gryffindor Quidditch team', 'Transfiguration department', 'British Ministry of Magic (formerly)Department of Magical Law Enforcement', 'Department of Magical Law Enforcement', 'Albus Dumbledore', 'Order of the Phoenix', ""Dumbledore's Army""]",Gryffindors
45,Gianna Grace Marie,None,None,None,None,None,None,"['Hogwarts School of Witchcraft and WizardryGryffindor', 'Gryffindor']",Gryffindors
46,Alexis Marie,None,None,None,None,None,None,"['Hogwarts School of Witchcraft and WizardryGryffindor', 'Gryffindor']",Gryffindors
47,Pippa Macmillan,Pure-blood (most likely),Brown,Grey,None,None,None,"['Macmillan family', 'Hogwarts School of Witchcraft and WizardryGryffindor', 'Gryffindor']",Gryffindors
48,Neville Longbottom,Pure-blood,Blond,None,Non-corporeal,"[""Father's wand (formerly)"", '13"", Cherry, unicorn hair']","['Auror (briefly)', 'Professor of Herbology at Hogwarts School of Witchcraft and Wizardry (2010s – ?)']","['Longbottom family', 'Hogwarts School of Witchcraft and WizardryGryffindorHerbology departmentSlug Club (briefly)', 'Gryffindor', 'Herbology department', 'Slug Club (briefly)', 'Albus DumbledoreOrder of the Phoenix', 'Order of the Phoenix', ""Harry PotterDumbledore's Army"", ""Dumbledore's Army"", 'British Ministry of MagicAuror Department (formerly)', 'Auror Department (formerly)', 'S.P.E.W.', 'Abbott family']",Gryffindors
49,Remus John Lupin,Half-blood,Light brown flecked with grey,Green,Wolf,"10¼"", Cypress, unicorn hair",Professor of Defence Against the Dark Arts at Hogwarts School of Witchcraft and Wizardry (1993–1994),"['Lupin family', 'Howell family', 'Tonks family', 'Potter family', 'Hogwarts School of Witchcraft and WizardryGryffindorMarauders', 'Gryffindor', 'Marauders', 'Order of the Phoenix', 'Advance Guard']",Gryffindors
50,R. J. H. King,None,None,None,None,None,None,"['Hogwarts School of Witchcraft and Wizardry', 'Gryffindor', 'Gryffindor Quidditch team', 'King family']",Gryffindors
51,Jo King,None,None,None,None,None,None,None,Gryffindors
52,Lee Jordan,Pure-blood or Half-blood,Black (dreadlocks),None,None,None,Host of Potterwatch,"['Jordan family', 'Hogwarts School of Witchcraft and WizardryGryffindor', 'Gryffindor', ""Dumbledore's Army"", 'Order of the Phoenix', 'Potterwatch']",Gryffindors
53,Peter Jones,None,None,None,None,None,None,"['Hogwarts School of Witchcraft and WizardryGryffindor', 'Gryffindor', 'Jones family']",Gryffindors
54,Angelina Weasley (née Johnson),None,Black,Brown,None,"Unknown length, wood and core",None,"['Weasley family (In Laws)', 'Hogwarts School of Witchcraft and WizardryGryffindorGryffindor Quidditch team', 'Gryffindor', 'Gryffindor Quidditch team', ""Dumbledore's Army""]",Gryffindors
55,Carl Hopkins,None,None,None,None,None,None,"['Hogwarts School of Witchcraft and WizardryGryffindor', 'Gryffindor', 'Hopkins family']",Gryffindors
56,Rubeus Hagrid,Part-Human (Half-giant),Black,Black,None,"16"", Oak, unknown core","['Keeper of Keys and Grounds at Hogwarts School of Witchcraft and Wizardry (c. 1968-?)', 'Professor of Care of Magical Creatures at Hogwarts School of Witchcraft and Wizardry (1993-1995; 1996-?)']","['Hogwarts School of Witchcraft and WizardryGryffindor', 'Gryffindor', 'Order of the Phoenix', 'Hagrid family', 'Albus Dumbledore', 'Harry Potter', 'Statute of Secrecy Task Force']",Gryffindors
57,Gryffindor girl,None,Blonde,Brown,None,None,None,"['Hogwarts School of Witchcraft and WizardryGryffindor', 'Gryffindor', ""Dumbledore's Army""]",Gryffindors
58,Gryffindor boy who struggled with the Levitation Charm,None,Blond,Blue,None,"Unknown length, wood and core",None,"['Hogwarts School of Witchcraft and WizardryGryffindor', 'Gryffindor']",Gryffindors
59,Rose Granger-Weasley,Half-blood,Red,None,None,None,None,"['Weasley family', 'Granger family', 'Prewett family', 'Potter family', 'Hogwarts School of Witchcraft and WizardryGryffindorGryffindor Quidditch team', 'Gryffindor', 'Gryffindor Quidditch team']",Gryffindors
60,Albus Percival Wulfric Brian Dumbledore,Half-blood,"Silver, formerly auburn",Blue,Phoenix,"['Unknown length, wood and core (formerly)', '15"", Elder, Thestral tail hair core']","['Professor of Defence Against the Dark Arts at Hogwarts (1910s)', 'Head of Transfiguration department (?-pre 1955)', 'Columnist for Transfiguration Today (1926–?)', 'Headmaster of Hogwarts (pre 1971 –1997)']","['Dumbledore family', 'Gellert Grindelwald (formelry)', 'Order of Merlin', 'Order of the Phoenix', ""Dumbledore's Army"", 'Harry Potter', 'Hogwarts School of Witchcraft and WizardryGryffindorTransfiguration department', 'Gryffindor', 'Transfiguration department', 'British Ministry of MagicCouncil of Magical LawWizengamot', 'Council of Magical Law', 'Wizengamot', 'International Confederation of Wizards']",Gryffindors
61,Dennis Creevey,Muggle-born,Mousy brown,None,None,None,None,"[""Dumbledore's Army"", 'Creevey family', 'Hogwarts School of Witchcraft and WizardryGryffindor', 'Gryffindor']",Gryffindors
62,Muldoon Cragg,None,Grey,None,None,None,Head of Gryffindor House (? - before 1991),"['Hogwarts School of Witchcraft and WizardryGryffindor', 'Gryffindor']",Gryffindors
63,Winky Crocket,None,None,None,None,None,None,"['Hogwarts School of Witchcraft and WizardryGryffindor', 'Gryffindor']",Gryffindors
64,Colin Creevey,Muggle-born,Mousy,None,None,None,None,"['Creevey family', ""Dumbledore's Army"", 'Harry Potter', 'Hogwarts School of Witchcraft and WizardryGryffindor', 'Gryffindor']",Gryffindors
65,Ben Copper,Muggle-born,Blond,Brown,None,None,None,"['Hogwarts School of Witchcraft and WizardryGryffindorAstronomy ClubDragon ClubSphinx Club', 'Gryffindor', 'Astronomy Club', 'Dragon Club', 'Sphinx Club', 'Circle of Khanna']",Gryffindors
66,Angelica Cole,None,Brown,Brown,None,None,Security troll trainer for the British Ministry of Magic,"['Hogwarts School of Witchcraft and WizardryGryffindorGryffindor Quidditch team', 'GryffindorGryffindor Quidditch team', 'Gryffindor Quidditch team', 'Cole family', 'British Ministry of Magic']",Gryffindors
67,Cadogan,Pure-blood or Half-blood,None,None,None,"Blackthorn and troll whisker, 9"", combustible (according to legend)","['Knight of the Round Table', 'Gryffindor Tower door guard (temporarily)']","['King Arthur', 'Hogwarts School of Witchcraft and Wizardry']",Gryffindors
68,Lavender Brown,Pure-blood,None,None,Non-corporeal,"Unknown length, wood and core",None,"['Brown family', ""Dumbledore's Army"", 'Hogwarts School of Witchcraft and WizardryGryffindor', 'Gryffindor']",Gryffindors
69,Richard Carter,None,None,None,None,None,None,"['Hogwarts School of Witchcraft and WizardryGryffindorGryffindor Quidditch team', 'GryffindorGryffindor Quidditch team', 'Gryffindor Quidditch team', 'Carter family']",Gryffindors
70,Sirius Black III,Pure-blood,Black,Grey,Non-corporeal,"Unknown length, wood and core",None,"['Black family (formerly)', 'Potter family', 'Hogwarts School of Witchcraft and WizardryGryffindorMarauders', 'Gryffindor', 'Marauders', 'Order of the Phoenix']",Gryffindors
71,Katie Bell,Pure-blood or half-blood,None,None,Non-corporeal,"Unknown length, wood and core",None,"['Bell family', ""Dumbledore's Army"", 'Hogwarts School of Witchcraft and WizardryGryffindorGryffindor Quidditch team', 'Gryffindor', 'Gryffindor Quidditch team']",Gryffindors
72,Bem,None,Black,Dark,None,None,None,"['Hogwarts School of Witchcraft and WizardryGryffindor', 'Gryffindor', ""Dumbledore's Army""]",Gryffindors
73,Giffard Abbott,None,Red,Brown,None,None,Headmaster of Hogwarts School,"['Hogwarts School of Witchcraft and WizardryHufflepuff', 'Hufflepuff', 'Abbott family']",Hufflepuffs
74,Silvanus Kettleburn,Pure-blood or Half-blood,Silver,Brown,None,"Chestnut and phoenix feather, 11½"", whippy",Professor of Care of Magical Creatures (? - 1993),"['Hogwarts School of Witchcraft and WizardryHufflepuff', 'Hufflepuff', 'Kettleburn family']",Hufflepuffs
75,Hamish Knighton,None,None,None,None,None,None,None,Hufflepuffs
76,Leanne,Half-blood or Pure-blood,None,None,None,None,None,"['Hogwarts School of Witchcraft and WizardryHufflepuff', 'Hufflepuff', ""Dumbledore's Army""]",Hufflepuffs
77,Chiara Lobosca,Half-blood or Pure-blood,Silver,Blue,None,None,None,"['Hogwarts School of Witchcraft and WizardryHufflepuffSphinx Club', 'Hufflepuff', 'Sphinx Club', 'Circle of Khanna']",Hufflepuffs
78,Megan Jones,Half-blood,None,None,None,None,None,"['Jones family', 'Hogwarts School of Witchcraft and WizardryHufflepuff', 'Hufflepuff']",Hufflepuffs
79,Helga Hufflepuff,Pure-blood or Half-blood,Brown,Blue,Non-corporeal,None,"['Teacher at Hogwarts School of Witchcraft and Wizardry', 'Founder of Hogwarts School of Witchcraft and Wizardry']","['Hogwarts School of Witchcraft and WizardryHufflepuff', 'Hufflepuff', 'Hufflepuff family']",Hufflepuffs
80,Dora Williams,None,None,None,None,None,None,"['Hogwarts School of Witchcraft and WizardryHufflepuff', 'Hufflepuff', 'Williams family']",Hufflepuffs
81,Bridget Wenlock,None,Black,Blue,None,None,Arithmancer,"['Hogwarts School of Witchcraft and WizardryHufflepuff', 'Hufflepuff']",Hufflepuffs
82,Unidentifield Hufflepuff girl (I),None,Brown,Brown,None,None,None,"['Hogwarts School of Witchcraft and WizardryHufflepuff', 'Hufflepuff', ""Dumbledore's Army""]",Hufflepuffs
83,Darrel Turner,None,None,None,None,None,None,None,Hufflepuffs
84,James Tuckett,None,None,None,None,None,None,"['Hogwarts School of Witchcraft and WizardryHufflepuff', 'Hufflepuff']",Hufflepuffs
85,Nymphadora Lupin (née Tonks),Half-blood,Variable  (biologically light brown),Variable (Dark),"['Jack Rabbit (pre 1995)', 'Wolf (1995-1998)']","Unknown length, wood and core",Auror,"['Tonks family', 'Lupin family', 'Hogwarts School of Witchcraft and WizardryHufflepuffDragon Club', 'Hufflepuff', 'Dragon Club', 'Circle of Khanna', 'British Ministry of MagicAuror Department', 'Auror Department', 'Order of the PhoenixAdvance Guard', 'Advance Guard']",Hufflepuffs
86,Natsumi Suzuki,None,None,None,None,None,None,"['Suzuki family', 'Hogwarts School of Witchcraft and WizardryHufflepuff', 'Hufflepuff']",Hufflepuffs
87,Grogan Stump,Pure-blood or Half-blood,White (formerly brown),Green,None,None,Minister for Magic (1811 - 1819),"['British Ministry of Magic', 'Hogwarts School of Witchcraft and WizardryHufflepuff', 'Hufflepuff', 'Stump family', 'Tutshill Tornados']",Hufflepuffs
88,Stebbins,None,None,None,None,None,None,"['Hogwarts School of Witchcraft and WizardryHufflepuff', 'Hufflepuff']",Hufflepuffs
89,Pomona Sprout,Half-blood or Pure-blood,Grey,None,Non-corporeal,"Unknown length, wood and core","['Herbologist', 'Head of the Herbology department at Hogwarts School of Witchcraft and Wizardry (post 1955-?', 'Head of Hufflepuff House at Hogwarts School of Witchcraft and Wizardry (pre. 1984-pre 2014)']","['Hogwarts School of Witchcraft and WizardryHerbology departmentHufflepuff', 'Herbology department', 'Hufflepuff', 'Order of the Phoenix (during Battle of the Astronomy Tower and Battle of Hogwarts)', ""Dumbledore's Army (during Battle of the Astronomy Tower and Battle of Hogwarts)""]",Hufflepuffs
90,Zacharias Smith,Pure-blood or Half-blood,Blond,None,Non-corporeal,"Unknown length, wood and core",None,"['Smith family', 'Hogwarts School of Witchcraft and WizardryHufflepuffHufflepuff Quidditch team', 'Hufflepuff', 'Hufflepuff Quidditch team', ""Dumbledore's Army (abandoned)""]",Hufflepuffs
91,Theseus Scamander,Pure-blood or Half-blood,Brown,Blue,None,"Unknown length, wood and core",Head of the Auror Office,"['Scamander family', 'British Ministry of MagicAuror Department', 'Auror Department', 'Hogwarts School of Witchcraft and WizardryHufflepuff', 'Hufflepuff']",Hufflepuffs
92,Newton Artemis Fido Scamander,Pure-blood or Half-blood,Brown,Hazel,None,"Unknown length, wood and core","['Employee in the Beast Division of the Department for the Regulation and Control of Magical Creatures', 'Magizoologist', 'Author']","['Scamander family', 'Goldstein family', 'Hogwarts School of Witchcraft and WizardryHufflepuff', 'Hufflepuff', 'Albus Dumbledore', 'British Ministry of MagicDepartment for the Regulation and Control of Magical CreaturesBeast Division', 'Department for the Regulation and Control of Magical CreaturesBeast Division', 'Beast Division', 'Order of Merlin']",Hufflepuffs
93,Constance Pickering,Half-blood,Black,Blue,Unicorn,None,Leader of the Statute of Secrecy Task Force,"['Pickering family', 'British Ministry of MagicStatute of Secrecy Task Force', 'Statute of Secrecy Task Force', 'Hogwarts School of Witchcraft and WizardryHufflepuff', 'Hufflepuff']",Hufflepuffs
94,Constance Pickering's grandmother,None,None,None,None,None,None,"['Pickering family', 'Hogwarts School of Witchcraft and WizardryHufflepuff', 'Hufflepuff']",Hufflepuffs
95,Sean Peakes,None,None,None,None,None,None,"['Peakes family', 'Hogwarts School of Witchcraft and WizardryHufflepuff', 'Hufflepuff']",Hufflepuffs
96,Ashish Patel,None,None,None,None,None,None,None,Hufflepuffs
97,Bhavna Patel,None,Brown,None,None,None,None,"['Hogwarts School of Witchcraft and WizardryHufflepuff', 'Hufflepuff']",Hufflepuffs
98,Marilyn,None,Blonde,None,None,None,None,"['Hogwarts School of Witchcraft and WizardryHufflepuff', 'Hufflepuff']",Hufflepuffs
99,Ernest Macmillan,Pure-blood,Blond,None,Boar,"Unknown length, wood and core",None,"['Macmillan family', ""Dumbledore's Army"", 'Hogwarts School of Witchcraft and WizardryHufflepuff', 'Hufflepuff']",Hufflepuffs
100,Edward Remus Lupin,Half-blood,Variable,Variable,None,None,None,"['Lupin family', 'Tonks family', 'Potter family', 'Weasley family', 'Hogwarts School of Witchcraft and WizardryHufflepuff', 'Hufflepuff']",Hufflepuffs
101,Wayne Hopkins,Half-blood,None,None,None,None,None,"['Hopkins family', 'Hogwarts School of Witchcraft and WizardryHufflepuff', 'Hufflepuff']",Hufflepuffs
102,Beatrice Haywood,Half-blood,Blonde,Blue,None,None,None,"['Haywood family', 'Hogwarts School of Witchcraft and WizardryHufflepuff', 'Hufflepuff', 'Circle of Khanna']",Hufflepuffs
103,Penny Haywood,Half-blood,Blonde,Blue,None,"Unicorn hair core, unknown length and wood",None,"['Hogwarts School of Witchcraft and WizardryHufflepuffHippogriff Club', 'Hufflepuff', 'Hippogriff Club', 'Wigtown WanderersParkin family', 'Parkin family', 'Circle of Khanna']",Hufflepuffs
104,Abraham Grimblehawk,Half-blood,None,None,None,None,None,"['Hogwarts School of Witchcraft and WizardryHufflepuff', 'Hufflepuff', 'Ministry of MagicDepartment for the Regulation and Control of Magical CreaturesBeast Division', 'Department for the Regulation and Control of Magical CreaturesBeast Division', 'Beast Division', ""St Oswald's Home for Old Witches and Wizards""]",Hufflepuffs
105,Justin Finch-Fletchley,Muggle-born,None,None,Non-corporeal,"Unknown length, wood and core",None,"['Finch-Fletchley family', 'Hogwarts School of Witchcraft and WizardryHufflepuff', 'Hufflepuff', ""Dumbledore's Army""]",Hufflepuffs
106,Grim Marshall Fawley,Pure-blood (most likely),None,None,None,None,"['Department of Magical Law Enforcement employee (formerly)', 'Unspeakable']","['British Ministry of MagicDepartment of Magical Law Enforcement (formerly)Department of Mysteries', 'Department of Magical Law Enforcement (formerly)', 'Department of Mysteries', 'The Unforgivable (possibly)', 'Hogwarts School of Witchcraft and WizardryHufflepuff', 'Hufflepuff', 'Fawley family']",Hufflepuffs
107,Eustace Fawley,Pure-blood or Half-blood (most likely),Brown,Grey,None,"Unknown length, wood and core",None,"['Hogwarts School of Witchcraft and WizardryHufflepuff', 'Hufflepuff', 'Fawley family']",Hufflepuffs
108,Annabel Entwhistle,Muggle-born (possibly),None,None,None,None,None,Entwhistle family,Hufflepuffs
109,Craig Dunn,None,None,None,None,None,None,"['Hogwarts School of Witchcraft and WizardryHufflepuff', 'Hufflepuff']",Hufflepuffs
110,Cedric Diggory,Pure-blood (possibly) or Half-blood,Dark,Grey,None,"12¼"", Ash, Unicorn hair",None,"['Diggory family', 'Hogwarts School of Witchcraft and WizardryHufflepuffHufflepuff Quidditch team', 'Hufflepuff', 'Hufflepuff Quidditch team', 'Circle of Khanna', 'Death Eaters (alternate timeline)']",Hufflepuffs
111,Diego Caplan,"Pure-blood, Half-blood or Muggle-born",Dark Brown,Brown,None,None,None,"['Hogwarts School of Witchcraft and WizardryHufflepuffDragon Club', 'Hufflepuff', 'Dragon Club', 'Circle of Khanna']",Hufflepuffs
112,Susan Bones,Half-blood,None,None,None,"Unknown length, wood and core",None,"['Bones family', 'Hogwarts School of Witchcraft and WizardryHufflepuff', 'Hufflepuff', ""Dumbledore's Army""]",Hufflepuffs
113,Patrick Bagby,None,Blond,None,None,None,None,"['Hogwarts School of Witchcraft and WizardryHufflepuff', 'Hufflepuff']",Hufflepuffs
114,Arthur,None,Black,Brown,None,None,None,"['Hogwarts School of Witchcraft and WizardryHufflepuff', 'Hufflepuff']",Hufflepuffs
115,Unidentified boy who attended Charm School's father,None,None,None,None,None,None,"['Hogwarts School of Witchcraft and WizardryHufflepuff', 'Hufflepuff']",Hufflepuffs
116,Albert,None,Blond,None,None,None,None,"['Hogwarts School of Witchcraft and WizardryHufflepuff', 'Hufflepuff']",Hufflepuffs
117,Hannah Abbott,Half-blood,Blonde,None,Non-corporeal,None,"['Landlady of the Leaky Cauldron (c.1998-2014)', 'Healer (2014-?)']","['Abbott family', 'Longbottom family', 'Hogwarts School of Witchcraft and WizardryHufflepuff', 'Hufflepuff', ""Dumbledore's Army"", 'Leaky Cauldron (2014-?)']",Hufflepuffs
118,Tulip Karasu,Half-blood or Pure-blood,Red,Brown,None,None,None,"['Hogwarts School of Witchcraft and WizardryRavenclawDragon Club', 'Ravenclaw', 'Dragon Club', 'Circle of Khanna']",Ravenclaws
119,Ashok Khanna,None,None,None,None,None,None,"['Khanna family', 'Hogwarts School of Witchcraft and WizardryRavenclaw', 'Ravenclaw']",Ravenclaws
120,Marcus Hitchin,None,None,None,None,None,None,"['Hitchin family', 'Hogwarts School of Witchcraft and WizardryRavenclaw', 'Ravenclaw']",Ravenclaws
121,Talbott Winger,Pure-blood or Half-blood,Brown,Brown,None,None,None,"['Winger family', 'Hogwarts School of Witchcraft and WizardryRavenclawSphinx ClubHippogriff Club', 'Ravenclaw', 'Sphinx Club', 'Hippogriff Club', 'Circle of Khanna']",Ravenclaws
122,Myrtle Elizabeth Warren,Muggle-born,None,None,None,None,None,"['Warren family', 'Hogwarts School of Witchcraft and WizardryRavenclaw', 'Ravenclaw', 'Harry Potter', 'Draco Malfoy', 'Albus Potter', 'Scorpius Malfoy']",Ravenclaws
123,Unidentified student,Pure-blood or Half-blood,Black,None,None,None,None,"['Hogwarts School of Witchcraft and WizardryRavenclaw', 'Ravenclaw', ""Dumbledore's Army""]",Ravenclaws
124,Unidentified Ravenclaw Girl,None,Black,None,None,"Unknown length, wood and core",None,"[""Hogwarts School of Witchcraft and WizardryRavenclawDumbledore's Army"", 'Ravenclaw', ""Dumbledore's Army""]",Ravenclaws
125,Marcus Turner,None,None,None,None,None,None,"['Hogwarts School of Witchcraft and WizardryRavenclaw', 'Ravenclaw']",Ravenclaws
126,Sybill Patricia Trelawney,Half-blood,None,None,Non-corporeal,"Hazel and unicorn hair, 9½ inches, very flexible","['Professor of Divination at Hogwarts School (1981 - 1996, 1997 - ?)', 'Head of the Divination Workshop at Hogwarts School (possibly)', 'Author']","['Hogwarts School of Witchcraft and WizardryRavenclawSlug Club (possibly)', 'Ravenclaw', 'Slug Club (possibly)', 'Order of the Phoenix (during the Battle of Hogwarts)', ""Dumbledore's Army (during the Battle of Hogwarts)"", 'Divination Workshop (possibly)', 'Trelawney family']",Ravenclaws
127,Jeremy Stretton,None,Brown,Brown,None,None,None,"['Hogwarts School of Witchcraft and WizardryRavenclawRavenclaw Quidditch team', 'Ravenclaw', 'Ravenclaw Quidditch team', 'Stretton family']",Ravenclaws
128,Maisy Reynolds,Pure-blood or Half-blood,Brown,None,None,None,None,"[""Hogwarts School of Witchcraft and WizardryRavenclawDumbledore's Army"", 'Ravenclaw', ""Dumbledore's Army""]",Ravenclaws
129,Rowena Ravenclaw,Pure-blood or Half-blood,None,Brown,Non-corporeal,None,"['Founder of Hogwarts School of Witchcraft and Wizardry', 'Professor at Hogwarts School of Witchcraft and Wizardry']","['Hogwarts School of Witchcraft and WizardryRavenclaw', 'Ravenclaw', 'Ravenclaw family']",Ravenclaws
130,Helena Ravenclaw,Pure-blood or Half-blood,None,None,None,None,Ravenclaw House Ghost,"['Ravenclaw family', 'Hogwarts School of Witchcraft and WizardryRavenclaw', 'Ravenclaw']",Ravenclaws
131,Padma Patil,Half-blood or Pure-blood,"Dark, long",Dark,Non-corporeal,None,None,"['Patil family', ""Dumbledore's Army"", 'Hogwarts School of Witchcraft and WizardryRavenclaw', 'Ravenclaw']",Ravenclaws
132,Grant Page,None,Red,Hazel,None,None,None,"['Hogwarts School of Witchcraft and WizardryRavenclawRavenclaw Quidditch team', 'Ravenclaw', 'Ravenclaw Quidditch team']",Ravenclaws
133,Garrick Ollivander,Half-blood,None,Silvery,Non-corporeal,"Hornbeam, 12¾"", dragon heartstring",Wandmaker,"['Ollivander family', 'Ollivanders', 'Harry Potter', 'Hogwarts School of Witchcraft and WizardryRavenclaw', 'Ravenclaw']",Ravenclaws
134,Phillip Montgomery,None,None,None,None,None,None,"['Hogwarts School of Witchcraft and WizardryRavenclaw', 'Ravenclaw']",Ravenclaws
135,Isobel MacDougal,Pure-blood,None,None,None,None,None,"['MacDougal family', 'Hogwarts School of Witchcraft and WizardryRavenclaw', 'Ravenclaw']",Ravenclaws
136,Xenophilius Lovegood,Pure-blood or half-blood,White,None,Non-corporeal,"Unknown length, wood and core",Editor of The Quibbler,"['Lovegood family', 'The Quibbler', 'Hogwarts School of Witchcraft and WizardryRavenclaw', 'Ravenclaw', 'Order of the Phoenix', 'Harry Potter']",Ravenclaws
137,Luna Scamander (née Lovegood),Pure-blood or Half-blood,Dirty-blonde,Pale silvery,Hare,"['Unknown 1st wand', 'Unknown 2nd wand']",Magizoologist,"['Lovegood family', 'Scamander family', 'Hogwarts School of Witchcraft and WizardryRavenclaw', 'Ravenclaw', ""Dumbledore's Army"", 'Order of the Phoenix', 'The Quibbler']",Ravenclaws
138,Gilderoy Lockhart,Half-blood,Blond,Blue,Non-corporeal,"9"", Cherry, dragon heartstring","['Author', 'Professor of Defence Against the Dark Arts at Hogwarts (1992-1993)']","['Lockhart family', 'Hogwarts School of Witchcraft and Wizardry (formerly)RavenclawRavenclaw Quidditch team', 'Ravenclaw', 'Ravenclaw Quidditch team', 'Dark Force Defence League (formerly)', ""St Mungo's Hospital for Magical Maladies and Injuries"", 'Order of Merlin']",Ravenclaws
139,Susanna Hesleden,None,None,None,None,None,None,None,Ravenclaws
140,Anthony Goldstein,Half-blood,None,None,Non-corporeal,None,None,"['Goldstein family', 'Hogwarts School of Witchcraft and WizardryRavenclaw', 'Ravenclaw', ""Dumbledore's Army""]",Ravenclaws
141,Filius Flitwick,Part-Goblin,None,None,Non-corporeal,"Unknown length, wood and core","['Charms Master at Hogwarts (pre 1975-?)', 'Head of Ravenclaw House at Hogwarts (pre 1984-?)', 'Conductor of the Frog Choir at Hogwarts (pre 1987-?)']","['Hogwarts School of Witchcraft and WizardryRavenclawFrog Choir', 'Ravenclaw', 'Frog Choir', 'Flitwick family', 'Order of the Phoenix (during the Battle of the Astronomy Tower and the Battle of Hogwarts)', ""Dumbledore's Army (during the Battle of the Astronomy Tower and the Battle of Hogwarts)""]",Ravenclaws
142,Marcus Fenwick,None,None,None,None,None,None,"['Fenwick family', 'Hogwarts School of Witchcraft and WizardryRavenclaw', 'Ravenclaw']",Ravenclaws
143,Marietta Edgecombe,Pure-blood or Half-blood,Reddish-blonde,None,Non-corporeal,"Unknown length, wood and core",None,"['Hogwarts School of Witchcraft and WizardryRavenclaw', 'Ravenclaw', ""Dumbledore's Army (betrayed)"", 'British Ministry of Magic', 'Edgecombe family']",Ravenclaws
144,Helen Dawlish,None,None,None,None,None,None,"['Hogwarts School of Witchcraft and WizardryRavenclawDuelling Club', 'Ravenclaw', 'Duelling Club', 'Dawlish family']",Ravenclaws
145,Roger Davies,None,None,None,None,None,None,"['Davies family', 'Hogwarts School of Witchcraft and WizardryRavenclawRavenclaw Quidditch team', 'Ravenclaw', 'Ravenclaw Quidditch team']",Ravenclaws
146,Andre Egwu,"Pure-blood, half-blood or Muggle-born",Black,Brown,None,None,None,"['Hogwarts School of Witchcraft and WizardryRavenclawRavenclaw Quidditch teamDragon Club', 'Ravenclaw', 'Ravenclaw Quidditch team', 'Dragon Club', 'Pride of Portree', 'Circle of Khanna']",Ravenclaws
147,Chester Davies,None,Brown,Brown,None,None,Employee in the Improper Use of Magic Office,"['Hogwarts School of Witchcraft and WizardryRavenclawFrog Choir', 'Ravenclaw', 'Frog Choir', 'Davies family', 'British Ministry of MagicImproper Use of Magic Office', 'Improper Use of Magic Office']",Ravenclaws
148,Michael Corner,Half-blood,Dark,None,Non-corporeal,None,None,"['Corner family', 'Hogwarts School of Witchcraft and WizardryRavenclaw', 'Ravenclaw', ""Dumbledore's Army""]",Ravenclaws
149,Cho Chang,Pure-blood or Half-blood,Black,Dark,Swan,"Unknown length, wood and core",None,"['Chang family', ""Dumbledore's Army"", 'Hogwarts School of Witchcraft and WizardryRavenclawRavenclaw Quidditch team', 'Ravenclaw', 'Ravenclaw Quidditch team']",Ravenclaws
150,Hortense Cooper,None,None,None,None,None,None,"['Hogwarts School of Witchcraft and WizardryRavenclaw', 'Ravenclaw']",Ravenclaws
151,Boy who kept a bezoar in his pocket,None,Brown,None,None,None,None,"['Hogwarts School of Witchcraft and WizardryRavenclaw', 'Ravenclaw']",Ravenclaws
152,Terry Boot,Half-blood or Pure-blood,None,None,None,None,None,"['Boot family', 'Hogwarts School of Witchcraft and WizardryRavenclawDuelling Club', 'Ravenclaw', 'Duelling Club', ""Dumbledore's Army""]",Ravenclaws
153,Marcus Belby,Half-blood or Pure-blood,None,None,None,None,None,"['Hogwarts School of Witchcraft and WizardryRavenclawSlug Club', 'Ravenclaw', 'Slug Club', 'Belby family']",Ravenclaws
154,Trevor Birch,None,Blond,None,None,None,None,"['Hogwarts School of Witchcraft and WizardryRavenclawDuelling Club', 'Ravenclaw', 'Duelling Club', 'Gilderoy Lockhart']",Ravenclaws
155,Pamela Alton,None,None,None,None,None,None,"['Hogwarts School of Witchcraft and WizardryRavenclawDuelling Club', 'Ravenclaw', 'Duelling Club']",Ravenclaws
156,Badeea Ali,Muggle-born or Half-blood,None,Brown,None,None,None,"['Hogwarts School of Witchcraft and WizardryRavenclawSphinx Club', 'Ravenclaw', 'Sphinx Club', 'Circle of Khanna']",Ravenclaws
157,Dennis Aldermaston,None,None,None,None,None,None,"['Hogwarts School of Witchcraft and WizardryRavenclaw', 'Ravenclaw']",Ravenclaws
158,Simon Dedworth,None,None,None,None,None,None,"['Hogwarts School of Witchcraft and WizardrySlytherin', 'Slytherin', 'Dedworth family']",Slytherins
159,Irving Cram,None,None,None,None,None,None,"['Hogwarts School of Witchcraft and WizardrySlytherin', 'Slytherin', 'Cram family']",Slytherins
160,Winky Crockett,None,None,None,None,None,Maker of Elbow Grease,"['Hogwarts School of Witchcraft and WizardrySlytherinSlytherin Quidditch team', 'Slytherin', 'Slytherin Quidditch team']",Slytherins
161,Vincent Crabbe,Pure-blood,None,None,None,"Unknown length, wood and core",None,"[""Hogwarts School of Witchcraft and WizardrySlytherinSlytherin Quidditch teamInquisitorial SquadDraco Malfoy's gang"", 'Slytherin', 'Slytherin Quidditch team', 'Inquisitorial Squad', ""Draco Malfoy's gang"", 'Crabbe family', 'Lord VoldemortDeath Eaters (unofficially)', 'Death Eaters (unofficially)']",Slytherins
162,Alex Sykes,None,None,None,None,None,None,"['Sykes family', 'Hogwarts School of Witchcraft and WizardrySlytherin', 'Slytherin']",Slytherins
163,Imogen Stretton,None,None,None,None,None,None,Stretton family,Slytherins
164,Merula Snyde's mother,Pure-blood or Half-blood,None,None,None,None,None,"['Snyde family', 'Hogwarts School of Witchcraft and WizardrySlytherinFrog ChoirSlytherin Quidditch team', 'Slytherin', 'Frog Choir', 'Slytherin Quidditch team', 'Death EatersLord Voldemort', 'Lord Voldemort']",Slytherins
165,Merula Snyde's father,Pure-blood or Half-blood,None,None,None,None,None,"['Snyde family', 'Hogwarts School of Witchcraft and WizardrySlytherinSlytherin Quidditch team', 'Slytherin', 'Slytherin Quidditch team', 'Death EatersLord Voldemort', 'Lord Voldemort']",Slytherins
166,Merula Snyde,Pure-blood or Half-blood,Brown,Violet,Non-corporeal,"Unknown length, wood and core",None,"['Snyde family', 'Hogwarts School of Witchcraft and WizardrySlytherinHer gangTulip Karasu (formerly)Frog Choir (possibly)Sphinx Club', 'Slytherin', 'Her gang', 'Tulip Karasu (formerly)', 'Frog Choir (possibly)', 'Sphinx Club', 'Circle of Khanna', 'R']",Slytherins
167,Andrew Snowy Owl,None,None,None,None,None,None,"['Hogwarts School of Witchcraft and WizardrySlytherinSlytherin Quidditch team', 'Slytherin', 'Slytherin Quidditch team', 'Snowy Owl family']",Slytherins
168,Salazar Slytherin,Pure-blood,Grey,Grey,Non-corporeal,"Unknown length, snakewood, Basilisk horn","['Teacher at Hogwarts School of Witchcraft and Wizardry', 'Founder of Hogwarts School of Witchcraft and Wizardry']","['Hogwarts School of Witchcraft and WizardrySlytherin', 'Slytherin', 'Slytherin family']",Slytherins
169,Andromeda Tonks (née Black),Pure-blood,Light brown,None,None,None,None,"['House of Black (formerly)', 'Rosier family (formerly)', 'Tonks family', 'Order of the Phoenix (indirectly)', 'Hogwarts School of Witchcraft and WizardrySlytherin', 'Slytherin']",Slytherins
170,Horace Eugene Flaccus Slughorn,Pure-blood or Half-blood,"['Bald', 'Straw blond (formerly)']",Gooseberry,Non-corporeal,"10¼"", Cedar, dragon heartstring, fairly flexible","['Potions Master at Hogwarts School of Witchcraft and Wizardry (1931-1981; 1996-between 2008 and 2012(most likely) )', 'Head of Slytherin House at Hogwarts School of Witchcraft and Wizardry (?-1981; 1997- Pre 2016)', 'Owner of the Apothecarium of Horace E. F. Slughorn (?)']","['Slughorn family', 'Hogwarts School of Witchcraft and WizardrySlug ClubSlytherin', 'Slug Club', 'Slytherin', 'Order of the Phoenix (during the Battle of Hogwarts)', ""Dumbledore's Army (during the Battle of Hogwarts)"", 'Apothecarium of Horace E. F. Slughorn']",Slytherins
171,Blaise Zabini,Pure-blood or Half-blood,Black,None,None,"Unknown length, wood and core",None,"['Zabini family', ""Hogwarts School of Witchcraft and WizardrySlytherinSlytherin Quidditch teamSlug ClubDraco Malfoy's gang (formerly)"", 'Slytherin', 'Slytherin Quidditch team', 'Slug Club', ""Draco Malfoy's gang (formerly)""]",Slytherins
172,Ella Wilkins,None,None,None,None,None,None,"['Hogwarts School of Witchcraft and WizardrySlytherin', 'Slytherin', 'Wilkins family']",Slytherins
173,Cassius Warrington,None,None,None,None,None,None,"['Hogwarts School of Witchcraft and WizardrySlytherinSlytherin Quidditch teamInquisitorial Squad', 'Slytherin', 'Slytherin Quidditch team', 'Inquisitorial Squad']",Slytherins
174,Emma Vanity,None,None,None,None,None,None,"['Hogwarts School of Witchcraft and WizardrySlytherinSlytherin Quidditch team', 'Slytherin', 'Slytherin Quidditch team']",Slytherins
175,Severus Snape,Half-blood,Black,Black,Doe,"Unknown length, wood and core","['Potions Master at Hogwarts (1981-1996)', 'Head of Slytherin House (1981-1997)', 'Professor of Defence Against the Dark Arts at Hogwarts (1996-1997)', 'Headmaster of Hogwarts (1997-1998)']","['Snape family', 'Prince family', 'Lily Potter', 'Harry Potter', 'Albus Dumbledore', 'Order of the Phoenix', 'Hogwarts School of Witchcraft and WizardrySlytherin', 'Slytherin', 'Lord Voldemort (formerly)Death Eaters (defected)', 'Death Eaters (defected)']",Slytherins
176,Liz Tuttle,Half-blood or Pure-blood,Dark brown,Brown,None,None,None,"['Hogwarts School of Witchcraft and WizardrySlytherinHippogriff Club', 'Slytherin', 'Hippogriff Club', 'Circle of Khanna']",Slytherins
177,Dolores Jane Umbridge,Half-blood,"['Mouse brown (formerly)', 'Iron grey']",None,Persian cat,"['8"", Birch, dragon heartstring (formerly)', 'Unknown length, wood and core']","['Head of the Improper Use of Magic Office (formerly)', 'Senior Undersecretary to the Minister for Magic (before 1995-1998)', 'Professor of Defence Against the Dark Arts at Hogwarts (1995-1996)', 'High Inquisitor of Hogwarts (1995-1996)', 'Headmistress of Hogwarts (1996)', 'Head of the Muggle-Born Registration Commission (1997-1998)']","['British Ministry of Magic (formerly)Department of Magical Law Enforcement (formerly)Improper Use of Magic Office (formerly)Muggle-Born Registration Commission (formerly)Wizengamot (formerly)', 'Department of Magical Law Enforcement (formerly)Improper Use of Magic Office (formerly)', 'Improper Use of Magic Office (formerly)', 'Muggle-Born Registration Commission (formerly)', 'Wizengamot (formerly)', 'Hogwarts School of Witchcraft and Wizardry (formerly)SlytherinInquisitorial Squad (formerly)', 'Slytherin', 'Inquisitorial Squad (formerly)', 'Death Eaters (indirectly)', 'Lord Voldemort (indirectly)']",Slytherins
178,Felix Rosier,Pure-blood or Half-blood,Brown,Brown,None,None,Dragonologist,"['Hogwarts School of Witchcraft and WizardrySlytherin', 'Slytherin', 'Rosier family']",Slytherins
179,Evan Rosier,Pure-blood or Half-blood,None,None,None,None,None,"['Rosier family', 'Death Eaters', 'Hogwarts School of Witchcraft and WizardrySlytherin', 'Slytherin']",Slytherins
180,Gordon Pummell,None,None,None,None,None,None,"['Hogwarts', 'Slytherin']",Slytherins
181,Tom Marvolo Riddle,Half-blood,Bald (formerly black),Scarlet (formerly dark brown),None,"['13½"", Yew, phoenix feather core', 'Elm, dragon heartstring (temporary)', 'Elder, 15"", Thestral tail hair core (Never Mastered, Temporary)']",Shop assistant at Borgin and Burkes (formerly),"['Death Eaters', 'Hogwarts School of Witchcraft and Wizardry (formerly)SlytherinSlug Club', 'Slytherin', 'Slug Club', 'British Ministry of Magic (only under his control)', 'Borgin and Burkes']",Slytherins
182,Albus Severus Potter,Half-blood,Jet-black,Bright green,None,"Unknown length, wood and core",None,"['Potter family', 'Weasley family', 'Hogwarts School of Witchcraft and WizardrySlytherinGryffindor (Alternate timeline)', 'Slytherin', 'Gryffindor (Alternate timeline)']",Slytherins
183,Pansy Parkinson,Pure-blood or Half-blood,None,None,None,"Unknown length, wood and core",None,"['Parkinson family', ""Hogwarts School of Witchcraft and WizardrySlytherinInquisitorial SquadDraco Malfoy's gang"", 'Slytherin', 'Inquisitorial Squad', ""Draco Malfoy's gang"", 'Death Eaters (unofficial)']",Slytherins
184,Theodore Nott,Pure-blood,None,None,None,None,None,"['Nott family', 'Hogwarts School of Witchcraft and WizardrySlytherin', 'Slytherin', 'Death Eaters (indirectly)']",Slytherins
185,Nerys Orpington,None,None,None,None,None,None,"['Hogwarts School of Witchcraft and WizardrySlytherin', 'Slytherin', 'Orpington family']",Slytherins
186,Nigel's nephew,Pure-blood (most likely),Black,Green,None,None,None,"['Hogwarts School of Witchcraft and WizardrySlytherin', 'Slytherin']",Slytherins
187,Ismelda Murk,None,Dark,Green,None,None,None,"[""Hogwarts School of Witchcraft and WizardrySlytherinMerula Snyde's gangSphinx Club"", 'Slytherin', ""Merula Snyde's gang"", 'Sphinx Club', 'Murk family', 'Death Eaters (unofficially)Lord Voldemort (unofficially)', 'Lord Voldemort (unofficially)', 'Circle of Khanna']",Slytherins
188,Mulciber II,Pure-blood or Half-blood,None,None,None,None,None,"['Lord VoldemortDeath Eaters', 'Death Eaters', 'Hogwarts School of Witchcraft and Wizardry (formerly)Slytherin', 'Slytherin']",Slytherins
189,Graham Montague,None,Brown,Brown,None,None,None,"['Hogwarts School of Witchcraft and WizardrySlytherinSlytherin Quidditch teamInquisitorial Squad', 'SlytherinSlytherin Quidditch team', 'Slytherin Quidditch team', 'Inquisitorial Squad', 'Montague family']",Slytherins
190,Merlin,None,White,Blue,None,"Unconfirmed length and core, English oak (?) wood",Advisor to King Arthur and his court,"['Order of Merlin', 'Hogwarts School of Witchcraft and WizardrySlytherin', 'Slytherin', 'Court of King Arthur']",Slytherins
191,Scorpius Hyperion Malfoy,Pure-blood,White-blond,Grey,None,"Unknown length, wood and core",None,"['Malfoy family', 'Greengrass family', 'House of Black', 'Hogwarts School of Witchcraft and WizardrySlytherin', 'Slytherin']",Slytherins
192,Lucius Malfoy,Pure-blood,White-blond,Grey,None,"['Elm and dragon heartstring (formerly)', ""Lucius Malfoy's second wand""]","['School Governor of Hogwarts School of Witchcraft and Wizardry (?-1993)', 'British Ministry of Magic official (?-1996)']","['Malfoy family', 'House of Black', 'British Ministry of Magic (formerly)', 'Hogwarts School of Witchcraft and Wizardry (formerly)Slug ClubSlytherin', 'Slug Club', 'Slytherin', 'Lord Voldemort (formerly)Death Eaters (defected)', 'Death Eaters (defected)']",Slytherins
193,Abraxas Malfoy,Pure-blood,None,None,None,None,None,"['Malfoy family', 'Hogwarts School of Witchcraft and WizardrySlytherin', 'Slytherin']",Slytherins
194,Narcissa Malfoy (née Black),Pure-blood,Blonde,Blue,None,"['Unknown 1st wand', 'Unknown 2nd wand']",None,"['House of Black', 'Malfoy family', 'Hogwarts School of Witchcraft and WizardrySlytherin', 'Slytherin', 'Death Eaters (indirectly, formerly)']",Slytherins
195,Mafalda,Muggle-born or Half-blood (possibly),None,None,None,None,None,"['Prewett family', 'Weasley family', 'Hogwarts School of Witchcraft and WizardrySlytherin', 'Slytherin']",Slytherins
196,Draco Lucius Malfoy,Pure-blood,Silver-blonde,Grey,None,"['10"", Hawthorn, unicorn hair (formerly)', 'Unknown length, wood and core (temporarily)', '15"", Elder, Thestral tail hair (never used)']",None,"['Malfoy family', 'House of Black', 'Greengrass family', ""Hogwarts School of Witchcraft and WizardrySlytherinSlytherin Quidditch teamInquisitorial Squad (formerly)Draco Malfoy's gang (formerly)"", 'Slytherin', 'Slytherin Quidditch team', 'Inquisitorial Squad (formerly)', ""Draco Malfoy's gang (formerly)"", 'Death Eaters (formerly)', 'Lord Voldemort (formerly)', 'British Ministry of Magic']",Slytherins
197,Rodolphus Lestrange,Pure-blood,Dark,Dark,None,None,None,"['Lord VoldemortDeath Eaters', 'Death Eaters', 'Lestrange family', 'House of Black', 'Hogwarts School of Witchcraft and Wizardry (formerly)Slytherin', 'Slytherin']",Slytherins
198,Lestrange,Pure-blood,Black,None,None,None,None,"[""Hogwarts School of Witchcraft and WizardrySlytherinTom Riddle's gangSlug Club"", 'Slytherin', ""Tom Riddle's gang"", 'Slug Club', 'Lestrange family']",Slytherins
199,Leta Lestrange,Pure-blood,Brown,Brown,None,"Unknown length, wood and core","['Employee of the Department of Magical Law Enforcement', 'Assistant to Torquil Travers']","['Lestrange family', 'Scamander family', 'Hogwarts School of Witchcraft and WizardrySlytherin', 'Slytherin', 'British Ministry of MagicDepartment of Magical Law Enforcement', 'Department of Magical Law Enforcement']",Slytherins
200,Barnaby Abernathy Lee,Pure-blood or half-blood,Brown,Green,None,"Unknown length, wood and core",None,"[""Hogwarts School of Witchcraft and WizardrySlytherinMerula Snyde's gang (formerly)Hippogriff Club"", 'Slytherin', ""Merula Snyde's gang (formerly)"", 'Hippogriff Club', 'Lee family', 'Circle of Khanna']",Slytherins
201,Bellatrix Lestrange (née Black),Pure-blood,Black,None,None,"['12¾"", Walnut, dragon heartstring', 'Unknown 2nd wand']",None,"['House of Black', 'Lestrange family', 'Malfoy family', 'Hogwarts School of Witchcraft and Wizardry (formerly)Slytherin', 'Slytherin', 'Lord VoldemortDeath Eaters', 'Death Eaters']",Slytherins
202,Jo King,None,None,None,None,None,None,"['Hogwarts School of Witchcraft and WizardrySlytherinSlytherin Quidditch team', 'Slytherin', 'Slytherin Quidditch team', 'King family']",Slytherins
203,Terence Higgs,None,None,None,None,None,None,"['Higgs family', 'Hogwarts School of Witchcraft and WizardrySlytherinSlytherin Quidditch team', 'Slytherin', 'Slytherin Quidditch team']",Slytherins
204,Daphne Greengrass,Pure-blood,None,None,None,None,None,"['Hogwarts School of Witchcraft and WizardrySlytherin', 'Slytherin', 'Greengrass family']",Slytherins
205,Gregory Goyle,Pure-blood,None,None,None,"Unknown length, wood and core",None,"['Goyle family', ""Hogwarts School of Witchcraft and WizardrySlytherinSlytherin Quidditch teamInquisitorial SquadDraco Malfoy's gang (formerly)"", 'Slytherin', 'Slytherin Quidditch team', 'Inquisitorial Squad', ""Draco Malfoy's gang (formerly)"", 'Lord Voldemort', 'Death Eaters (unofficially)']",Slytherins
206,Gormlaith Gaunt,Pure-blood,Dark,Dark,None,"['Unknown length, snakewood, basilisk horn', 'Unknown length, unknown wood, dragon heartstring']",None,"['Gaunt family', 'Slytherin family', 'Hogwarts School of Witchcraft and WizardrySlytherin', 'Slytherin']",Slytherins
207,Corvinus Gaunt,Pure-blood,None,None,None,None,None,"['Hogwarts School of Witchcraft and WizardrySlytherin', 'Slytherin', 'House of Gaunt', 'Slytherin family']",Slytherins
208,Fisher Frey,None,Brown,Brown,None,None,None,"['Hogwarts School of Witchcraft and WizardrySlytherin', 'Slytherin', 'Frey family']",Slytherins
209,Colby Frey,None,Brown,Brown,None,None,None,"['Hogwarts School of Witchcraft and WizardrySlytherin', 'Slytherin', 'Frey family']",Slytherins
210,Marcus Flint,Pure-blood or half-blood (possibly),None,None,None,None,None,"['Flint family', 'Hogwarts School of Witchcraft and WizardrySlytherinSlytherin Quidditch team', 'Slytherin', 'Slytherin Quidditch team']",Slytherins
211,Penelope Fawley (née Padgett),Pure-blood or Half-blood,None,None,None,"Willow, 12½ inches, dragon heartstring",Auror,"['British Ministry of MagicDepartment of Magical Law EnforcementAuror Office', 'Department of Magical Law Enforcement', 'Auror Office', 'Hogwarts School of Witchcraft and WizardrySlytherin', 'Slytherin', 'Padgett family', 'Fawley family']",Slytherins
212,Gemma Farley,None,None,None,None,None,None,"['Hogwarts School of Witchcraft and WizardrySlytherin', 'Slytherin', 'Farley family']",Slytherins
213,Cassandra,Half-blood (possibly),Blonde,Green,None,None,None,"['Hogwarts School of Witchcraft and WizardrySlytherin', 'Slytherin']",Slytherins
214,Hestia Carrow,Pure-blood or Half-blood,Brown,Blue-Grey,None,None,None,"['Hogwarts School of Witchcraft and WizardrySlytherinSlug Club', 'Slytherin', 'Slug Club', 'Carrow family']",Slytherins
215,Flora Carrow,Pure-blood or Half-blood,Brown,Blue-Grey,None,None,None,"['Hogwarts School of Witchcraft and WizardrySlytherinSlug Club', 'Slytherin', 'Slug Club', 'Carrow family']",Slytherins
216,Amycus Carrow,Pure-blood or Half-blood,None,None,None,"Unknown length, wood and core","['Professor of Dark Arts at Hogwarts (1997 - 1998)', 'Deputy Headmaster (1997 - 1998)']","['Carrow family', 'Death EatersLord Voldemort', 'Lord Voldemort', 'Hogwarts School of Witchcraft and WizardrySlytherin', 'Slytherin']",Slytherins
217,Alecto Carrow,Pure-blood or Half-blood,None,None,None,"Unknown length, wood and core materials","['Professor of Muggle Studies at Hogwarts (1997—1998)', 'Deputy Headmistress at Hogwarts (1997—1998)']","['Death EatersLord Voldemort', 'Lord Voldemort', 'Carrow family', 'Hogwarts School of Witchcraft and WizardrySlytherin', 'Slytherin']",Slytherins
218,Elizabeth Burke,Pure-blood or Half-blood,Red,Brown,None,None,Headmistress of Hogwarts (before 1943),"['Hogwarts School of Witchcraft and WizardrySlytherin', 'Slytherin', 'Burke family', 'Malfoy family']",Slytherins
219,Millicent Bulstrode,Half-blood,Black,None,None,"Unknown length, wood and core",None,"['Bulstrode family', 'Hogwarts School of Witchcraft and WizardrySlytherinInquisitorial Squad', 'Slytherin', 'Inquisitorial Squad']",Slytherins
220,Boy who owned a magic hamster,Half-blood or Pure-blood,Black,Dark,None,None,None,"['Hogwarts School of Witchcraft and WizardrySlytherin', 'Slytherin']",Slytherins
221,Cousin of a boy who failed Avifors Spell,None,Black,None,None,None,None,"['Slytherin', 'Slytherin']",Slytherins
222,Boy who attended Charm School,Half-blood (most likely),Blond,Blue,None,None,None,"['Charm School', 'Hogwarts School of Witchcraft and WizardrySlytherin', 'Slytherin']",Slytherins
223,Miles Bletchley,None,None,None,None,None,None,"['Hogwarts School of Witchcraft and WizardrySlytherinSlytherin Quidditch team', 'Slytherin', 'Slytherin Quidditch team', 'Bletchley family']",Slytherins
224,Kevin Bletchley,None,Brown,Green,None,None,None,"['Slytherin Quidditch team', 'Bletchley family']",Slytherins
225,Walburga Black,Pure-blood,None,None,None,None,None,"['House of Black', 'Hogwarts School of Witchcraft and WizardrySlytherin ', 'Slytherin ', 'Death Eaters (indirectly)']",Slytherins
226,Regulus Arcturus Black,Pure-blood,Black,None,None,None,None,"['House of Black', 'Death Eaters (formerly)', 'Hogwarts School of Witchcraft and WizardrySlytherinSlytherin Quidditch team', 'Slytherin', 'Slytherin Quidditch team']",Slytherins
227,Orion Black,Pure-blood,None,None,None,None,None,"['House of Black', 'Hogwarts School of Witchcraft and WizardrySlytherin', 'Slytherin', 'Death Eaters (indirectly)']",Slytherins
228,Phineas Nigellus Black,Pure-blood,Black,"Dark, shrewd and narrow",None,None,Headmaster,"['Hogwarts School of Witchcraft and WizardrySlytherin', 'Slytherin', 'House of Black']",Slytherins
229,Lucretia Prewett (née Black),Pure-blood,None,None,None,None,None,"['House of Black', 'Prewett family', 'Hogwarts School of Witchcraft and WizardrySlytherin', 'Slytherin']",Slytherins
230,Charis Crouch (née Black),Pure-blood,None,None,None,None,None,"['House of Black', 'Crouch family', 'Hogwarts School of Witchcraft and WizardrySlytherin', 'Slytherin']",Slytherins
231,Dorea Potter (née Black),Pure-blood,Blonde,None,None,None,None,"['House of Black', 'Potter family', 'Hogwarts School of Witchcraft and WizardrySlytherin', 'Slytherin']",Slytherins
232,Cygnus Black,Pure-blood,None,None,None,None,None,"['Hogwarts School of Witchcraft and WizardrySlytherin', 'Slytherin']",Slytherins
233,Cedrella Weasley (née Black),Pure-blood,None,None,None,None,None,"['House of Black (disowned)', 'Weasley family', 'Hogwarts School of Witchcraft and WizardrySlytherin', 'Slytherin']",Slytherins
234,Cassiopeia Black,Pure-blood,None,Brown,None,None,None,"['House of Black', 'Hogwarts School of Witchcraft and WizardrySlytherin', 'Slytherin']",Slytherins
235,Alphard Black,Pure-blood,None,None,None,None,None,"['House of Black (disowned posthumously)', 'Hogwarts School of Witchcraft and WizardrySlytherin', 'Slytherin']",Slytherins
236,Callidora Longbottom (née Black),Pure-blood,None,None,None,None,None,"['House of Black', 'Longbottom family', 'Hogwarts School of Witchcraft and WizardrySlytherin', 'Slytherin']",Slytherins
237,Avery,Pure-blood or Half-blood,None,None,None,None,None,"['Avery family', 'Hogwarts School of Witchcraft and WizardrySlytherin', 'Slytherin', 'Death EatersLord Voldemort', 'Lord Voldemort']",Slytherins
238,Avery I,Pure-blood or Half-blood (likely),None,None,None,None,None,"['Avery family', ""Hogwarts School of Witchcraft and WizardrySlytherinTom Riddle's gangSlug Club"", ""SlytherinTom Riddle's gang"", ""Tom Riddle's gang"", 'Slug Club']",Slytherins
239,Duncan Ashe,None,None,None,None,None,None,"['Hogwarts School of Witchcraft and WizardrySlytherin', 'Slytherin', 'Ashe family']",Slytherins
240,Alecto Carrow,Pure-blood or Half-blood,None,None,None,"Unknown length, wood and core materials","['Professor of Muggle Studies at Hogwarts (1997—1998)', 'Deputy Headmistress at Hogwarts (1997—1998)']","['Death EatersLord Voldemort', 'Lord Voldemort', 'Carrow family', 'Hogwarts School of Witchcraft and WizardrySlytherin', 'Slytherin']",Death_Eaters
241,Rodolphus Lestrange,Pure-blood,Dark,Dark,None,None,None,"['Lord VoldemortDeath Eaters', 'Death Eaters', 'Lestrange family', 'House of Black', 'Hogwarts School of Witchcraft and Wizardry (formerly)Slytherin', 'Slytherin']",Death_Eaters
242,Regulus Arcturus Black,Pure-blood,Black,None,None,None,None,"['House of Black', 'Death Eaters (formerly)', 'Hogwarts School of Witchcraft and WizardrySlytherinSlytherin Quidditch team', 'Slytherin', 'Slytherin Quidditch team']",Death_Eaters
243,Thorfinn Rowle,Pure-blood or Half-blood,Blond,None,None,"Unknown length, wood and core",None,"['Rowle family', 'Death EatersLord Voldemort', 'Lord Voldemort']",Death_Eaters
244,Selwyn,Pure-blood,None,None,None,None,British Ministry of Magic employee,"['Death EatersLord Voldemort', 'Lord Voldemort', 'British Ministry of Magic']",Death_Eaters
245,Wilkes,None,None,None,None,None,None,"['Lord VoldemortDeath Eaters', 'Death Eaters', 'Hogwarts School of Witchcraft and WizardrySlytherin', 'Slytherin']",Death_Eaters
246,Walden Macnair,Pure-blood or Half-blood (most likely),Black,None,None,"Unknown length, wood and core",Executioner for the Committee for the Disposal of Dangerous Creatures at the Ministry of Magic (formerly),"['Death EatersLord Voldemort', 'Lord Voldemort', 'British Ministry of Magic (formerly)Committee for the Disposal of Dangerous Creatures (formerly)', 'Committee for the Disposal of Dangerous Creatures (formerly)']",Death_Eaters
247,Travers,Pure-blood or Half-blood,Grey,None,None,"Unknown length, wood and core",British Ministry of Magic official,"['Travers family', 'Death EatersLord Voldemort', 'Lord Voldemort', 'Death Eater controlled Ministry of Magic']",Death_Eaters
248,Pyrites,Pure-blood or Half-blood,None,None,None,None,None,"['Death EatersLord Voldemort', 'Lord Voldemort', 'Pyrites family']",Death_Eaters
249,Rabastan Lestrange,Pure-blood,None,None,None,None,None,"['Lord VoldemortDeath Eaters', 'Death Eaters', 'Lestrange family']",Death_Eaters
250,Lord Voldemort,Half-blood,Bald (formerly black),Scarlet (formerly dark brown),None,"['13½"", Yew, phoenix feather core', 'Elm, dragon heartstring (temporary)', 'Elder, 15"", Thestral tail hair core (Never Mastered, Temporary)']",Shop assistant at Borgin and Burkes (formerly),"['Death Eaters', 'Hogwarts School of Witchcraft and Wizardry (formerly)SlytherinSlug Club', 'Slytherin', 'Slug Club', 'British Ministry of Magic (only under his control)', 'Borgin and Burkes']",Death_Eaters
251,Nott,Pure-blood or Half-blood,None,None,None,None,None,"['Nott family', 'Hogwarts School of Witchcraft and Wizardry', 'Death EatersLord Voldemort', 'Lord Voldemort']",Death_Eaters
252,Peter Pettigrew,Half-blood or Pure-blood,"['Colourless and balding', 'Mousy brown (formerly)']",None,None,"['Unknown 1st wand', '13½"", Yew, phoenix feather (temporarily)', '9¼"", Chestnut, dragon heartstring']",None,"['Pettigrew family', 'Weasley family (as Scabbers) (formerly)', 'Hogwarts School of Witchcraft and Wizardry (formerly)GryffindorMarauders', 'GryffindorMarauders', 'Marauders', 'Order of the Phoenix (formerly, defected)', 'Lord Voldemort (formerly)Death Eaters (formerly, defected)', 'Death Eaters (formerly, defected)', 'The Cabal (formerly)']",Death_Eaters
253,Merula Snyde's mother,Pure-blood or Half-blood,None,None,None,None,None,"['Snyde family', 'Hogwarts School of Witchcraft and WizardrySlytherinFrog ChoirSlytherin Quidditch team', 'Slytherin', 'Frog Choir', 'Slytherin Quidditch team', 'Death EatersLord Voldemort', 'Lord Voldemort']",Death_Eaters
254,Merula Snyde's father,Pure-blood or Half-blood,None,None,None,None,None,"['Snyde family', 'Hogwarts School of Witchcraft and WizardrySlytherinSlytherin Quidditch team', 'Slytherin', 'Slytherin Quidditch team', 'Death EatersLord Voldemort', 'Lord Voldemort']",Death_Eaters
255,Barnaby Lee's mother,None,None,None,None,None,None,"['Lord VoldemortDeath Eaters', 'Death Eaters', 'Lee family']",Death_Eaters
256,Barnaby Lee's father,None,None,None,None,None,None,"['Lord VoldemortDeath Eaters', 'Death Eaters', 'Lee family']",Death_Eaters
257,Igor Karkaroff,Pure-blood or Half-blood,Silver (formerly black),Blue,None,"Unknown length, wood and core",Headmaster of Durmstrang Institute (formerly),"['Death Eaters (formerly)Lord Voldemort (formerly)', 'Lord Voldemort (formerly)', 'Durmstrang Institute (formerly)']",Death_Eaters
258,Jugson,Pure-blood or Half-blood (most likely),None,None,None,None,None,"['Death EatersLord Voldemort', 'Lord Voldemort']",Death_Eaters
259,Lucius Malfoy,Pure-blood,White-blond,Grey,None,"['Elm and dragon heartstring (formerly)', ""Lucius Malfoy's second wand""]","['School Governor of Hogwarts School of Witchcraft and Wizardry (?-1993)', 'British Ministry of Magic official (?-1996)']","['Malfoy family', 'House of Black', 'British Ministry of Magic (formerly)', 'Hogwarts School of Witchcraft and Wizardry (formerly)Slug ClubSlytherin', 'Slug Club', 'Slytherin', 'Lord Voldemort (formerly)Death Eaters (defected)', 'Death Eaters (defected)']",Death_Eaters
260,Hedwig's killer,Pure-blood or Half-blood (most likely),None,None,None,None,None,"['Lord VoldemortDeath Eaters', 'Death Eaters']",Death_Eaters
261,Mulciber,Pure-blood or Half-blood,None,None,None,None,None,"['Lord VoldemortDeath Eaters', 'Death Eaters']",Death_Eaters
262,Mulciber II,Pure-blood or Half-blood,None,None,None,None,None,"['Lord VoldemortDeath Eaters', 'Death Eaters', 'Hogwarts School of Witchcraft and Wizardry (formerly)Slytherin', 'Slytherin']",Death_Eaters
263,Mr Goyle,Pure-blood,None,None,None,None,None,"['Goyle family', 'Lord VoldemortDeath Eaters', 'Death Eaters']",Death_Eaters
264,Gibbon,None,None,None,None,None,None,"['Lord Voldemort', 'Death Eaters']",Death_Eaters
265,Fenrir Greyback,None,Grey,None,None,"Unknown length, wood and core",None,"['Lord VoldemortDeath Eaters (unofficially)', 'Death Eaters (unofficially)', 'Snatchers', 'Werewolf army']",Death_Eaters
266,Evan Rosier,Pure-blood or Half-blood,None,None,None,None,None,"['Rosier family', 'Death Eaters', 'Hogwarts School of Witchcraft and WizardrySlytherin', 'Slytherin']",Death_Eaters
267,Severus Snape,Half-blood,Black,Black,Doe,"Unknown length, wood and core","['Potions Master at Hogwarts (1981-1996)', 'Head of Slytherin House (1981-1997)', 'Professor of Defence Against the Dark Arts at Hogwarts (1996-1997)', 'Headmaster of Hogwarts (1997-1998)']","['Snape family', 'Prince family', 'Lily Potter', 'Harry Potter', 'Albus Dumbledore', 'Order of the Phoenix', 'Hogwarts School of Witchcraft and WizardrySlytherin', 'Slytherin', 'Lord Voldemort (formerly)Death Eaters (defected)', 'Death Eaters (defected)']",Death_Eaters
268,Corban Yaxley,Pure-blood or half-blood,Blond,Blue,None,"Unknown length, wood and core",Head of the Department of Magical Law Enforcement (formerly),"['Yaxley family', 'Death EatersLord Voldemort', 'Lord Voldemort', 'British Ministry of MagicDepartment of Magical Law EnforcementMuggle-Born Registration Commission', 'Department of Magical Law EnforcementMuggle-Born Registration Commission', 'Muggle-Born Registration Commission']",Death_Eaters
269,Bartemius Crouch Junior,Pure-blood or Half-blood,Straw blonde,None,None,"['Unknown length, wood and core (formerly)', ""Harry Potter's wand (briefly)"", ""Alastor Moody's wand""]",Professor of Defence Against the Dark Arts (as Alastor Moody) (1994-1995),"['Lord VoldemortDeath Eaters', 'Death Eaters', 'Hogwarts School of Witchcraft and Wizardry']",Death_Eaters
270,Mr Crabbe,Pure-blood,None,None,None,None,None,"['Crabbe family', 'Lord VoldemortDeath Eaters', 'Death Eaters']",Death_Eaters
271,Bellatrix Lestrange (née Black),Pure-blood,Black,None,None,"['12¾"", Walnut, dragon heartstring', 'Unknown 2nd wand']",None,"['House of Black', 'Lestrange family', 'Malfoy family', 'Hogwarts School of Witchcraft and Wizardry (formerly)Slytherin', 'Slytherin', 'Lord VoldemortDeath Eaters', 'Death Eaters']",Death_Eaters
272,Draco Lucius Malfoy,Pure-blood,Silver-blonde,Grey,None,"['10"", Hawthorn, unicorn hair (formerly)', 'Unknown length, wood and core (temporarily)', '15"", Elder, Thestral tail hair (never used)']",None,"['Malfoy family', 'House of Black', 'Greengrass family', ""Hogwarts School of Witchcraft and WizardrySlytherinSlytherin Quidditch teamInquisitorial Squad (formerly)Draco Malfoy's gang (formerly)"", 'Slytherin', 'Slytherin Quidditch team', 'Inquisitorial Squad (formerly)', ""Draco Malfoy's gang (formerly)"", 'Death Eaters (formerly)', 'Lord Voldemort (formerly)', 'British Ministry of Magic']",Death_Eaters
273,Augustus Rookwood,Pure-blood or half-blood,Brown/greying,None,None,None,Unspeakable (formerly),"['Death EatersLord Voldemort', 'Lord Voldemort', 'British Ministry of Magic (formerly)Department of Mysteries (formerly)', 'Department of Mysteries (formerly)']",Death_Eaters
274,Antonin Dolohov,Pure-blood or Half-blood,Dark,None,None,"Unknown length, wood and core",None,"['Death EatersLord Voldemort', 'Lord Voldemort']",Death_Eaters
275,Amycus Carrow,Pure-blood or Half-blood,None,None,None,"Unknown length, wood and core","['Professor of Dark Arts at Hogwarts (1997 - 1998)', 'Deputy Headmaster (1997 - 1998)']","['Carrow family', 'Death EatersLord Voldemort', 'Lord Voldemort', 'Hogwarts School of Witchcraft and WizardrySlytherin', 'Slytherin']",Death_Eaters
276,Avery,Pure-blood or Half-blood,None,None,None,None,None,"['Avery family', 'Hogwarts School of Witchcraft and WizardrySlytherin', 'Slytherin', 'Death EatersLord Voldemort', 'Lord Voldemort']",Death_Eaters
